Dstat 0.7.2 CSV output,,,,,,,,,,,,,
Author:,Dag Wieers <dag@wieers.com>,,,,URL:,http://dag.wieers.com/home-made/dstat/,,,,,,,
Host:,dell01,,,,User:,daniel,,,,,,,
Cmdline:,dstat --output 4W64B2R.log,,,,Date:,12 Jun 2015 13:50:33 PDT,,,,,,,
,,,,,,,,,,,,,
total cpu usage,,,,,,dsk/total,,net/total,,paging,,system,
usr,sys,idl,wai,hiq,siq,read,writ,recv,send,in,out,int,csw
5.889,1.447,91.214,1.138,0.004,0.309,542074.924,250492.986,0,0,4224.266,16400.365,816.995,1071.251
54.774,7.035,38.191,0,0,0,0,0,4579,5846,0,0,752,1219
70.352,9.548,1.508,18.09,0,0.503,8216576,0,526,109,8232960,0,1457,2177
75.127,7.614,10.152,6.091,0,1.015,2703360,172032,2082,851,2682880,0,1249,1720
54.726,9.95,35.323,0,0,0,0,0,1468,1493,0,0,1094,1625
89,4.5,6,0,0,0.5,0,0,846,1719,0,0,1424,1893
92,5.5,1.5,0,0,1,0,155648,1254,2853,0,155648,1232,1935
68.317,7.921,23.267,0,0,0.495,0,0,7698,13356,0,0,1068,1733
72.727,7.071,20.202,0,0,0,0,208896,2684,1863,0,0,1728,1668
68.687,9.091,21.212,1.01,0,0,8192,0,974,2341,0,0,954,1588
40.404,5.051,52.525,1.515,0,0.505,24576,0,1180,218,0,0,1477,2365
2.551,1.02,96.429,0,0,0,0,0,1102,3831,0,0,791,1239
1.531,1.02,97.449,0,0,0,0,0,526,109,0,0,861,1198
3.03,1.01,93.939,2.02,0,0,0,221184,1052,218,0,0,804,1292
2.041,0.51,97.449,0,0,0,0,0,526,109,0,0,762,1210
2.051,0.513,96.923,0,0,0.513,0,0,526,109,0,0,784,1247
1.508,2.01,96.482,0,0,0,0,0,1052,218,0,0,790,1188
3.093,1.546,95.361,0,0,0,0,0,526,109,0,0,1155,1278
1.546,0.515,96.392,1.546,0,0,0,106496,1954,389,0,0,919,1328
2.02,1.01,96.97,0,0,0,0,0,1052,218,0,0,686,1055
5.076,1.523,93.401,0,0,0,0,0,526,109,0,0,727,1174
14.872,2.051,83.077,0,0,0,0,0,870,378,0,0,1154,1647
3.59,1.538,94.872,0,0,0,0,0,2567,2290,0,0,1158,1472
11.616,3.03,84.848,0,0,0.505,0,0,2494,3327,0,0,1220,1794
13.846,0.513,84.103,1.026,0,0.513,0,114688,6323,15093,0,0,1231,1805
9.137,1.523,89.34,0,0,0,0,0,17364,51722,0,0,1185,1699
10.152,5.076,84.772,0,0,0,0,0,13199,13699,0,0,1220,1665
10.152,3.046,86.802,0,0,0,0,16384,14119,60663,0,0,1150,1619
3.046,1.015,95.939,0,0,0,0,0,16423,73206,0,0,862,1177
5.102,1.531,91.837,1.531,0,0,0,118784,1536,1094,0,0,1016,1450
4.082,1.02,94.898,0,0,0,0,0,9096,80881,0,0,1010,1451
2.051,1.538,96.41,0,0,0,0,0,5382,40640,0,0,982,1397
5.128,1.538,91.282,2.051,0,0,0,679936,751,257,0,0,1200,1486
5.128,2.051,92.308,0,0,0.513,0,0,5832,40323,0,0,1088,1546
6.122,1.531,91.837,0.51,0,0,0,139264,4187,39722,0,0,1087,1494
10.204,0.51,89.286,0,0,0,0,0,5944,50522,0,0,1093,1567
2.051,0.513,96.923,0,0,0.513,0,0,7196,30789,0,0,920,1462
2.564,1.538,95.897,0,0,0,0,49152,1332,358,0,0,906,1397
2.551,0.51,96.939,0,0,0,0,0,666,179,0,0,865,1362
4.082,1.02,94.898,0,0,0,0,0,526,109,0,0,984,1388
1.523,1.015,94.924,2.538,0,0,0,147456,4106,575,0,0,883,1283
3.571,1.531,94.898,0,0,0,0,0,526,109,0,0,1000,1470
2.051,0.513,97.436,0,0,0,0,327680,3580,466,0,0,897,1300
1.562,1.042,97.396,0,0,0,0,0,1192,288,0,0,932,1325
3.03,1.01,95.96,0,0,0,0,0,526,109,0,0,897,1322
3.608,1.546,94.845,0,0,0,0,0,666,179,0,0,1048,1419
1.554,1.036,95.855,1.554,0,0,0,122880,7440,1072,0,0,1133,1278
3.571,1.531,94.898,0,0,0,0,0,526,109,0,0,1018,1387
4,1,95,0,0,0,0,0,1954,389,0,0,1041,1293
4.103,0.513,95.385,0,0,0,0,0,1052,218,0,0,1121,1386
2.041,1.02,96.939,0,0,0,0,0,3708,466,0,0,979,1279
4.082,1.02,93.367,1.531,0,0,0,106496,526,109,0,0,980,1425
2.551,0.51,96.939,0,0,0,0,4096,4106,575,0,0,891,1329
3.03,2.02,94.949,0,0,0,0,0,526,109,0,0,906,1421
2.02,1.515,96.465,0,0,0,0,0,526,109,0,0,829,1298
4.569,2.03,93.401,0,0,0,0,0,1052,218,0,0,847,1380
4.04,0.505,93.434,2.02,0,0,0,106496,6634,887,0,0,900,1383
5.025,0.503,93.97,0,0,0.503,0,12288,526,109,0,0,778,1197
2.525,0.505,96.97,0,0,0,0,0,1052,218,0,0,793,1094
3.061,1.02,95.918,0,0,0,0,0,526,109,0,0,894,1292
1.562,0,98.438,0,0,0,0,0,3580,466,0,0,1206,1243
3.59,1.538,94.872,0,0,0,0,0,1052,218,0,0,1167,1378
3.046,0.508,94.416,1.523,0,0.508,0,167936,3580,466,0,0,1047,1334
4.639,1.546,93.814,0,0,0,0,0,1954,389,0,0,1080,1427
2.564,0,97.436,0,0,0,0,0,1052,218,0,0,981,1269
4.04,1.515,93.939,0,0,0.505,0,0,526,109,0,0,1133,1377
3.077,1.026,95.897,0,0,0,0,0,3580,466,0,0,1083,1290
5.025,1.005,91.96,2.01,0,0,0,593920,4106,575,0,0,1024,1332
2.051,0.513,97.436,0,0,0,0,0,781,109,0,0,918,1277
4.04,1.515,93.939,0,0,0.505,0,0,526,109,0,0,1080,1409
3.553,0.508,95.939,0,0,0,0,0,4376,575,0,0,989,1388
19.095,2.01,78.894,0,0,0,0,0,526,173,0,0,1057,1406
5.556,1.515,90.909,2.02,0,0,0,180224,3580,466,0,0,863,1337
3.03,2.02,94.949,0,0,0,0,0,1052,218,0,0,872,1359
1.031,2.062,96.907,0,0,0,0,0,526,109,0,0,1125,1256
4.061,1.523,94.416,0,0,0,0,0,526,109,0,0,897,1379
4.061,1.015,94.416,0,0,0.508,0,0,4106,575,0,0,967,1304
4.124,0.515,92.268,3.093,0,0,0,237568,3580,466,0,0,1077,1434
9.645,4.569,85.279,0,0,0.508,0,0,1954,389,0,0,1123,1518
5.102,1.02,93.878,0,0,0,0,0,1052,218,0,0,1104,1338
1.538,1.026,97.436,0,0,0,0,0,3580,466,0,0,952,1194
2.564,1.026,96.41,0,0,0,0,0,526,109,0,0,1005,1484
2.03,1.523,96.447,0,0,0,0,0,4106,575,0,0,694,1100
5.5,2,91.5,1,0,0,0,106496,526,109,0,0,805,1288
2.041,1.02,96.939,0,0,0,0,0,526,109,0,0,903,1225
3.077,1.026,95.897,0,0,0,0,0,1052,218,0,0,894,1264
2.538,1.015,96.447,0,0,0,0,0,3580,466,0,0,902,1261
3.046,1.523,95.431,0,0,0,0,16384,3580,466,0,0,850,1199
1.02,1.531,95.408,1.531,0,0.51,0,118784,1052,218,0,0,788,1127
2.538,2.03,95.431,0,0,0,0,0,526,109,0,0,957,1208
2.513,2.01,95.477,0,0,0,0,0,3708,466,0,0,974,1313
3.03,1.01,95.455,0,0,0.505,0,0,1052,218,0,0,920,1345
5.025,1.005,93.97,0,0,0,0,49152,3580,530,0,0,810,1295
4.975,2.488,92.537,0,0,0,0,0,1954,389,0,0,953,1412
1.036,0.518,96.373,2.073,0,0,0,114688,1052,218,0,0,997,1250
3.061,1.02,95.918,0,0,0,0,0,526,109,0,0,991,1366
3.046,1.523,95.431,0,0,0,0,0,3580,466,0,0,971,1377
3.553,1.523,93.909,1.015,0,0,0,643072,4106,575,0,0,1049,1292
2.041,0.51,97.449,0,0,0,0,0,526,109,0,0,976,1265
3.571,2.041,92.857,1.531,0,0,0,139264,526,109,0,0,1049,1344
2.551,0.51,96.939,0,0,0,0,0,4106,575,0,0,1066,1229
3.553,2.538,93.909,0,0,0,0,0,526,109,0,0,1211,1313
2.051,1.026,96.923,0,0,0,0,0,3580,466,0,0,1113,1292
2.525,1.515,95.455,0,0,0.505,0,0,1052,218,0,0,937,1317
2.041,0.51,95.918,1.531,0,0,0,106496,526,109,0,0,873,1308
3.608,0.515,95.876,0,0,0,0,0,526,109,0,0,1076,1362
2.051,1.026,96.923,0,0,0,0,0,4106,575,0,0,837,1343
2.577,1.031,96.392,0,0,0,0,0,3580,466,0,0,877,1377
1.015,2.03,96.954,0,0,0,0,0,1954,389,0,0,825,1270
3.518,2.01,94.472,0,0,0,0,0,1052,218,0,0,921,1388
1.538,1.026,96.41,1.026,0,0,0,110592,3708,466,0,0,964,1319
2.073,1.036,96.373,0,0,0.518,0,0,526,173,0,0,1091,1297
2.551,0.51,96.939,0,0,0,0,0,4036,288,0,0,853,1307
3.535,1.515,94.949,0,0,0,0,0,596,396,0,0,935,1341
1.523,1.015,96.954,0,0,0.508,0,0,526,109,0,0,887,1237
6.599,1.015,91.878,0,0,0.508,0,0,1052,218,0,0,1148,1341
1.538,1.538,95.385,1.538,0,0,0,110592,3580,466,0,0,935,1287
2.03,2.538,95.431,0,0,0,0,0,3580,466,0,0,903,1279
1.026,0.513,98.462,0,0,0,0,0,1052,218,0,0,798,1058
2.551,1.02,96.429,0,0,0,0,0,526,109,0,0,891,1185
1.531,1.02,97.449,0,0,0,0,0,3580,466,0,0,1031,1223
3.553,1.015,95.431,0,0,0,0,0,1052,218,0,0,974,1368
3.046,0.508,94.924,1.523,0,0,0,106496,526,109,0,0,961,1307
4.04,2.02,93.434,0,0.505,0,0,0,5008,746,0,0,894,1311
1.531,1.02,97.449,0,0,0,0,0,1052,218,0,0,776,1172
4.02,1.005,94.472,0,0,0.503,0,0,526,109,0,0,900,1331
3.046,1.523,95.431,0,0,0,0,0,3629,466,0,0,852,1311
2.03,1.015,96.447,0,0,0.508,0,57344,4106,575,0,0,916,1299
1.538,0.513,93.846,4.103,0,0,0,114688,622,109,0,0,907,1277
5.612,1.531,92.857,0,0,0,0,0,718,109,0,0,891,1344
1.538,0.513,97.949,0,0,0,0,0,4283,575,0,0,934,1286
6.701,1.031,92.268,0,0,0,0,0,526,173,0,0,1316,1278
4.592,1.02,94.388,0,0,0,0,36864,526,109,0,0,1149,1288
3.093,1.031,92.268,3.608,0,0,0,704512,4155,575,0,0,1136,1315
2.525,0.505,96.97,0,0,0,0,0,526,109,0,0,903,1249
3.571,1.531,94.898,0,0,0,0,0,526,109,0,0,1113,1315
3.5,1.5,95,0,0,0,0,0,4231,575,0,0,930,1310
3.046,1.523,94.924,0,0,0.508,0,0,4041,938,0,0,920,1390
8.247,1.031,89.175,1.546,0,0,0,110592,2500,1079,0,0,1086,1521
5.612,1.531,92.857,0,0,0,0,0,16112,26264,0,0,956,1484
2.551,0.51,96.939,0,0,0,0,0,12290,14307,0,0,888,1419
10.714,1.531,87.755,0,0,0,0,0,5496,1107,0,0,1075,1652
3.015,1.508,95.477,0,0,0,0,0,20781,29044,0,0,885,1407
7.614,2.03,89.848,0,0,0.508,0,0,5179,1410,0,0,1031,1617
4.02,1.005,93.97,1.005,0,0,0,106496,20968,29149,0,0,965,1423
6,1.5,92.5,0,0,0,0,0,5069,560,0,0,777,1285
13.636,0.505,85.859,0,0,0,0,0,12320,1326,0,0,780,1286
4.615,1.538,93.846,0,0,0,0,0,12016,1292,0,0,767,1197
3.015,0.503,96.482,0,0,0,0,0,1052,218,0,0,761,1123
3.046,1.523,95.431,0,0,0,0,0,526,109,0,0,861,1311
2.041,0.51,95.408,2.041,0,0,0,110592,7693,984,0,0,863,1303
3.061,1.531,95.408,0,0,0,0,0,1052,282,0,0,933,1383
2.02,1.515,95.96,0,0,0.505,0,0,666,179,0,0,877,1339
3.571,1.531,94.898,0,0,0,0,0,2518,746,0,0,984,1427
3.553,1.015,95.431,0,0,0,0,0,1192,288,0,0,975,1310
3.046,1.523,94.416,1.015,0,0,0,110592,526,109,0,0,915,1414
5.882,0.98,92.647,0,0,0.49,0,0,3238,466,0,0,934,1430
3.046,1.015,95.939,0,0,0,0,0,3764,575,0,0,849,1341
2.551,0.51,96.939,0,0,0,0,69632,526,109,0,0,804,1317
3.59,0.513,95.897,0,0,0,0,0,526,109,0,0,863,1381
2.03,1.015,95.431,1.523,0,0,0,118784,4031,575,0,0,850,1281
3,2.5,94.5,0,0,0,0,0,622,109,0,0,936,1399
1.554,0,98.446,0,0,0,0,0,622,109,0,0,920,1349
3.553,0.508,95.939,0,0,0,0,8192,1616,505,0,0,860,1354
2.03,0.508,97.462,0,0,0,0,0,526,109,0,0,856,1301
3.061,1.02,92.857,2.551,0,0.51,0,114688,526,109,0,0,1021,1428
2.03,1.523,96.447,0,0,0,0,0,3764,575,0,0,889,1356
3.518,1.508,94.975,0,0,0,0,0,3238,466,0,0,905,1359
2.051,0.513,97.436,0,0,0,0,573440,1954,389,0,0,862,1261
2.564,0.513,96.923,0,0,0,0,0,1052,218,0,0,867,1386
0.513,1.026,96.41,1.538,0,0.513,0,139264,3409,466,0,0,843,1305
3.518,1.508,94.975,0,0,0,0,0,654,109,0,0,844,1362
2.041,0.51,97.449,0,0,0,0,0,1052,218,0,0,904,1297
2.577,0.515,96.907,0,0,0,0,0,1090,396,0,0,897,1349
2.02,1.515,96.465,0,0,0,0,0,526,109,0,0,913,1281
4.082,0.51,95.408,0,0,0,0,0,1052,218,0,0,923,1341
2.525,1.515,94.444,1.515,0,0,0,106496,3238,466,0,0,944,1346
3.046,1.015,95.939,0,0,0,0,0,3238,466,0,0,817,1215
2.525,0.505,96.97,0,0,0,0,4096,1052,282,0,0,687,1105
8.04,2.513,89.447,0,0,0,0,0,526,109,0,0,789,1301
1.531,1.02,97.449,0,0,0,0,0,3409,466,0,0,817,1294
6.701,1.031,90.206,2.062,0,0,0,110592,1052,218,0,0,861,1403
1.531,1.02,97.449,0,0,0,0,0,526,109,0,0,821,1361
2.551,2.041,94.898,0,0,0.51,0,0,2518,676,0,0,912,1461
2.02,1.01,96.97,0,0,0,0,0,1052,218,0,0,923,1297
4.569,0.508,94.924,0,0,0,0,0,526,109,0,0,954,1435
1.531,1.02,96.429,1.02,0,0,0,114688,3238,466,0,0,957,1363
3.03,1.515,95.455,0,0,0,0,0,3764,575,0,0,866,1325
2.525,0.505,96.97,0,0,0,0,69632,526,109,0,0,854,1285
3.077,1.026,95.897,0,0,0,0,0,526,109,0,0,838,1320
2.02,1.01,96.97,0,0,0,0,0,3935,575,0,0,825,1345
2.051,1.026,96.923,0,0,0,0,0,654,109,0,0,843,1316
1.531,1.02,95.408,2.041,0,0,0,118784,526,109,0,0,840,1329
2.051,1.026,96.923,0,0,0,0,0,1616,505,0,0,896,1413
1.026,0.513,98.462,0,0,0,0,0,526,173,0,0,881,1303
2.041,1.531,96.429,0,0,0,0,0,590,109,0,0,850,1410
2.525,1.515,95.96,0,0,0,0,0,3883,575,0,0,872,1307
3.046,1.523,94.416,1.015,0,0,0,106496,3238,466,0,0,839,1364
1.026,0.513,97.949,0,0,0.513,0,651264,1954,389,0,0,912,1307
2.551,1.531,95.918,0,0,0,0,0,1052,218,0,0,929,1391
1.523,1.015,97.462,0,0,0,0,0,3458,466,0,0,948,1314
3.046,1.523,95.431,0,0,0,0,0,526,109,0,0,937,1410
1.515,1.01,95.455,2.02,0,0,0,192512,1052,218,0,0,852,1315
2.538,1.015,95.939,0,0,0.508,0,0,1090,396,0,0,891,1355
0.51,1.531,97.959,0,0,0,0,0,526,109,0,0,777,1275
2.564,1.026,96.41,0,0,0,0,0,1052,218,0,0,878,1372
1.026,1.026,97.949,0,0,0,0,0,3238,466,0,0,938,1342
2.062,1.031,96.907,0,0,0,0,0,3238,466,0,0,981,1481
2.02,0.505,95.96,1.01,0,0.505,0,110592,1052,218,0,0,806,1117
9.596,1.515,88.889,0,0,0,0,0,526,109,0,0,816,1305
3.571,1.531,93.367,1.531,0,0,49152,4096,3458,466,49152,0,988,1451
0.515,1.546,97.938,0,0,0,0,0,1180,218,0,0,931,1377
2.03,1.015,96.954,0,0,0,0,0,526,173,0,0,909,1299
3.046,2.03,94.924,0,0,0,0,0,2518,676,0,0,892,1407
1.508,2.01,94.975,1.508,0,0,0,131072,1052,218,0,0,898,1299
6.122,1.02,92.857,0,0,0,0,0,526,109,0,0,858,1374
2.513,1.508,95.98,0,0,0,0,0,3238,466,0,0,920,1421
3.015,1.005,95.477,0,0.503,0,0,0,3764,575,0,0,832,1321
1.538,0.513,97.949,0,0,0,0,0,526,109,0,0,855,1316
4.5,0.5,93,2,0,0,0,114688,526,109,0,0,890,1370
2.538,0.508,96.954,0,0,0,0,0,4461,1047,0,0,874,1295
3.061,1.531,95.408,0,0,0,0,0,5068,381,0,0,865,1347
2.01,1.508,96.482,0,0,0,0,0,526,109,0,0,914,1332
1.026,1.026,97.436,0,0,0.513,0,0,1616,505,0,0,940,1325
1.523,1.015,96.447,1.015,0,0,0,106496,526,109,0,0,866,1322
8.629,1.015,90.355,0,0,0,0,0,526,109,0,0,959,1449
2.051,0,97.949,0,0,0,0,0,3593,575,0,0,844,1323
2.525,2.02,94.949,0,0,0.505,0,0,3238,466,0,0,873,1384
1.02,1.02,97.959,0,0,0,0,61440,2238,389,0,0,866,1259
2.538,1.523,93.909,2.03,0,0,0,118784,1052,218,0,0,882,1358
2.02,1.01,96.97,0,0,0,0,0,3470,466,0,0,736,1177
2.525,1.515,95.96,0,0,0,0,0,654,109,0,0,827,1211
1.031,0,98.969,0,0,0,0,0,1052,282,0,0,876,1242
2.564,1.026,96.41,0,0,0,0,634880,1090,396,0,0,926,1325
1.515,1.01,94.949,2.525,0,0,0,139264,526,109,0,0,890,1258
3.03,2.02,94.949,0,0,0,0,0,1052,218,0,0,854,1349
2.538,0.508,96.954,0,0,0,0,0,3067,466,0,0,901,1318
3.535,1.01,95.455,0,0,0,0,0,3287,466,0,0,850,1358
3.518,1.508,94.975,0,0,0,0,0,1052,218,0,0,995,1430
3.109,1.036,95.855,0,0,0,0,0,13051,1609,0,0,947,1440
1.026,1.026,97.436,0.513,0,0,0,106496,5632,668,0,0,764,1202
4.478,1.493,94.03,0,0,0,0,0,1052,218,0,0,819,1248
7.653,1.02,91.327,0,0,0,0,0,1677,2745,0,0,966,1567
5.584,2.538,91.371,0,0,0.508,0,8192,23671,23706,0,0,1156,1702
1.015,1.015,97.462,0,0,0.508,0,0,3720,3983,0,0,844,1261
3.553,1.015,92.893,2.538,0,0,0,151552,526,109,0,0,873,1371
2.051,0,97.949,0,0,0,0,0,1963,396,0,0,811,1344
1.538,0.513,97.949,0,0,0,0,0,1052,218,0,0,817,1247
58.115,2.094,35.079,0,0,4.712,0,0,1963,396,0,0,8568,3770
72.821,6.667,16.41,0,0,4.103,0,0,9799612,173954,0,0,12434,5893
74.479,12.5,7.812,0,0,5.208,0,106496,12337838,208958,0,0,11292,5484
83.5,13.5,0.5,0,0,2.5,0,0,11837934,162534,0,0,3055,2188
63.819,7.538,28.643,0,0,0,0,0,1564857,9463,0,0,1235,1375
58.794,3.015,37.688,0,0,0.503,0,0,2740,2168,0,0,1260,1929
28.571,3.571,67.347,0,0,0.51,0,0,14029,1012492,0,0,1617,1903
65.327,6.533,26.633,1.508,0,0,0,155648,463508,11723,0,0,1239,1763
56.853,0.508,42.132,0,0,0.508,0,0,3650,4398,0,0,988,1559
40.5,1.5,57.5,0,0,0.5,0,77824,526,109,0,0,1123,1609
6.566,5.051,88.384,0,0,0,0,45056,2518,746,0,0,795,1218
7.035,1.508,90.955,0,0,0.503,0,0,13248,10564,0,0,683,1063
,,,,,,,,,,,,,
,,,,,,,,,,,,,
Host:,dell01,,,,User:,daniel,,,,,,,
Cmdline:,dstat --output 4W64B2R.log,,,,Date:,12 Jun 2015 13:55:44 PDT,,,,,,,
,,,,,,,,,,,,,
total cpu usage,,,,,,dsk/total,,net/total,,paging,,system,
usr,sys,idl,wai,hiq,siq,read,writ,recv,send,in,out,int,csw
5.904,1.448,91.209,1.129,0.004,0.306,535782.5,247948.112,0,0,4618.083,16202.534,819.035,1074.179
53.266,7.035,39.698,0,0,0,0,32768,8438,11780,0,0,998,1364
66.332,4.02,29.146,0,0,0.503,0,0,526,109,0,0,809,1178
73.134,6.468,19.9,0,0,0.498,0,0,654,571,0,0,984,1362
63.959,6.599,29.442,0,0,0,0,0,1468,1441,0,0,949,1494
75.377,10.05,14.573,0,0,0,0,0,910,2037,0,0,1218,1952
87.94,5.025,6.533,0,0,0.503,0,876544,2746,3239,0,0,1300,1963
69.347,5.025,24.121,1.005,0,0.503,4096,0,9600,14368,0,0,1141,2069
94.5,5,0,0,0,0.5,0,0,846,1597,0,0,1152,1745
78.5,10.5,9.5,0,0,1.5,0,0,974,2441,0,0,2934,1658
64.646,7.071,27.778,0,0,0.505,0,0,1052,218,0,0,1711,2525
5.528,2.01,89.95,2.01,0,0.503,0,290816,1486,4651,0,0,861,1251
2.03,0.508,97.462,0,0,0,0,0,526,109,0,0,803,1174
2.551,1.02,96.429,0,0,0,0,0,1052,218,0,0,816,1202
2.02,1.01,96.97,0,0,0,0,0,526,109,0,0,758,1051
3.03,1.01,95.96,0,0,0,0,0,526,109,0,0,692,1073
1.523,1.015,97.462,0,0,0,0,0,1052,218,0,0,736,1075
2.513,1.508,93.97,2.01,0,0,0,110592,526,109,0,0,891,1237
1.02,1.02,97.959,0,0,0,0,0,526,109,0,0,775,1183
3.061,0.51,96.429,0,0,0,0,0,1180,218,0,0,840,1224
2.02,1.01,96.97,0,0,0,0,0,526,109,0,0,767,1173
7.035,2.513,88.442,1.005,0,1.005,0,978944,1954,389,0,0,1027,1464
13.3,2.463,81.281,1.97,0,0.985,0,159744,3098,3301,0,0,1194,1894
5.446,2.475,92.079,0,0,0,0,0,5199,5527,0,0,749,1181
16.583,2.513,79.397,1.508,0,0,24576,0,6852,23916,24576,0,1144,2038
12.69,3.046,84.264,0,0,0,0,0,21504,14364,0,0,1260,1784
15,5,79.5,0,0,0.5,0,0,16487,93841,0,0,1128,1743
5.128,1.026,93.846,0,0,0,0,0,14940,42019,0,0,951,1484
5.97,1.99,90.547,1.493,0,0,0,126976,1575,731,0,0,1007,1567
5.5,1,93.5,0,0,0,0,0,11993,82926,0,0,915,1367
3.046,1.523,94.924,0,0,0.508,0,0,526,109,0,0,884,1338
5.941,1.485,92.574,0,0,0,0,0,4006,2379,0,0,880,1346
9.548,1.508,88.945,0,0,0,0,0,526,109,0,0,1006,1398
7.035,1.508,89.447,2.01,0,0,0,114688,11797,119707,0,0,989,1462
3.03,1.01,95.96,0,0,0,0,0,2020,796,0,0,818,1260
6.633,1.531,91.837,0,0,0,0,0,3661,39613,0,0,993,1478
2.525,1.515,95.96,0,0,0,0,0,3342,1177,0,0,853,1259
7.035,1.508,91.457,0,0,0,0,0,4245,644,0,0,917,1388
4.95,1.485,93.564,0,0,0,0,0,6632,821,0,0,873,1364
4.082,1.02,93.878,1.02,0,0,0,110592,654,109,0,0,917,1403
2.03,1.015,96.954,0,0,0,0,0,1052,218,0,0,803,1254
4.523,1.508,93.97,0,0,0,0,0,526,109,0,0,923,1364
3.5,1,95.5,0,0,0,0,0,526,109,0,0,874,1257
3.571,1.531,94.898,0,0,0,0,0,1332,358,0,0,873,1321
3.5,1,94,1.5,0,0,0,110592,666,179,0,0,757,1072
2.525,2.02,95.455,0,0,0,0,0,3579,465,0,0,761,1170
3.5,1,95.5,0,0,0,0,0,1192,288,0,0,767,1221
3.077,1.538,95.385,0,0,0,0,0,3579,529,0,0,854,1298
4,1,95,0,0,0,0,0,3579,465,0,0,834,1341
4.545,0.505,94.949,0,0,0,0,0,4105,574,0,0,853,1340
2.538,0.508,95.431,1.523,0,0,0,110592,526,109,0,0,872,1298
3.03,2.02,94.444,0,0,0.505,0,73728,1954,389,0,0,867,1335
2.5,2.5,94.5,0,0,0.5,0,0,1052,218,0,0,786,1302
4.04,1.01,94.949,0,0,0,0,0,526,109,0,0,812,1308
2.525,1.515,95.96,0,0,0,0,0,526,109,0,0,835,1290
5.941,0.99,91.089,1.98,0,0,0,122880,4105,574,0,0,761,1281
2,3,95,0,0,0,0,602112,526,109,0,0,881,1256
5.025,2.513,92.462,0,0,0,0,0,3579,465,0,0,895,1356
3.535,0.505,95.96,0,0,0,0,0,4105,574,0,0,781,1293
2.538,2.03,95.431,0,0,0,0,0,3707,465,0,0,852,1314
1.523,1.015,95.431,2.03,0,0,0,135168,526,173,0,0,828,1238
4.5,1.5,94,0,0,0,0,0,1052,218,0,0,926,1326
2.01,2.01,95.98,0,0,0,0,0,526,109,0,0,908,1270
4.082,1.02,94.898,0,0,0,0,0,526,109,0,0,918,1320
3.015,1.005,95.98,0,0,0,0,0,1052,218,0,0,877,1292
5,1.5,93.5,0,0,0,0,0,3579,465,0,0,821,1324
3.061,0.51,95.408,1.02,0,0,0,110592,1954,389,0,0,819,1290
3.046,1.523,95.431,0,0,0,0,0,4105,574,0,0,863,1317
4.455,1.485,93.564,0,0,0.495,0,0,3509,179,0,0,811,1316
4,2,93.5,0,0,0.5,0,0,3649,751,0,0,821,1363
2.01,2.01,95.98,0,0,0,0,0,1052,218,0,0,822,1329
10.553,2.01,87.437,0,0,0,0,0,526,109,0,0,891,1301
14.07,1.005,83.417,1.508,0,0,0,114688,526,109,0,0,876,1292
3.046,0.508,96.447,0,0,0,0,0,1052,218,0,0,825,1366
6.897,1.97,91.133,0,0,0,0,0,526,109,0,0,781,1121
4.02,1.508,94.472,0,0,0,0,0,3579,465,0,0,814,1171
3.015,1.005,95.98,0,0,0,0,0,1052,218,0,0,827,1240
5.612,1.02,91.837,1.531,0,0,0,114688,3579,465,0,0,899,1393
4.5,1.5,93.5,0,0,0.5,0,0,526,109,0,0,861,1325
4.523,1.508,93.97,0,0,0,0,0,7286,930,0,0,956,1327
2.01,2.01,95.98,0,0,0,0,0,526,109,0,0,859,1216
3.077,1.026,95.897,0,0,0,0,57344,1954,389,0,0,917,1338
2.488,2.985,92.537,1.99,0,0,0,122880,1052,218,0,0,900,1335
3.571,1.02,95.408,0,0,0,0,0,526,109,0,0,792,1295
3.518,1.508,94.975,0,0,0,0,0,526,109,0,0,892,1461
3.535,1.01,94.444,1.01,0,0,4096,0,4105,638,4096,0,870,1366
1.5,2,96.5,0,0,0,0,0,526,109,0,0,698,986
13,1.5,83,2,0,0.5,0,126976,3579,465,0,0,936,1547
6.03,0.503,93.467,0,0,0,0,0,1052,218,0,0,839,1320
4.523,1.508,93.97,0,0,0,0,0,6632,821,0,0,892,1333
2.5,1.5,96,0,0,0,0,0,526,109,0,0,822,1266
2.551,2.041,95.408,0,0,0,0,577536,1052,218,0,0,924,1329
2.03,1.015,96.954,0,0,0,0,0,526,109,0,0,861,1205
4.02,1.005,92.462,2.01,0,0.503,8192,139264,526,109,8192,0,933,1306
4.02,0.503,95.477,0,0,0,0,0,1052,218,0,0,858,1292
9.645,4.061,86.294,0,0,0,0,0,3579,465,0,0,898,1329
2.03,1.015,96.954,0,0,0,0,0,1954,389,0,0,842,1260
4.02,1.508,93.97,0,0,0.503,0,0,4035,288,0,0,783,1304
2.525,1.515,93.939,1.515,0,0.505,0,110592,596,395,0,0,736,1276
7.463,0.995,91.542,0,0,0,0,0,6632,821,0,0,777,1322
3,1,96,0,0,0,0,0,1180,218,0,0,757,1200
4.04,1.515,94.444,0,0,0,0,0,526,109,0,0,836,1266
6.03,1.005,92.965,0,0,0,0,0,526,109,0,0,808,1275
3.03,0.505,94.949,1.515,0,0,0,114688,1052,218,0,0,743,1173
2,2.5,95.5,0,0,0,0,0,526,109,0,0,657,1058
2.02,1.515,96.465,0,0,0,0,0,3579,465,0,0,807,1136
2,1.5,96,0,0,0.5,0,0,1052,282,0,0,864,1258
4.02,2.513,93.467,0,0,0,0,0,526,109,0,0,865,1336
3.535,1.01,95.455,0,0,0,0,0,3579,465,0,0,832,1257
1.531,1.531,95.408,1.531,0,0,0,110592,7158,930,0,0,835,1335
3.518,0.503,95.98,0,0,0,0,0,526,109,0,0,781,1289
4,2.5,93.5,0,0,0,0,69632,1954,389,0,0,905,1374
2.525,1.515,95.96,0,0,0,0,0,1052,218,0,0,807,1275
2.538,1.015,95.939,0,0,0.508,0,0,526,109,0,0,839,1314
2.538,1.015,94.924,1.523,0,0,0,122880,526,109,0,0,861,1287
3.061,1.02,95.918,0,0,0,0,0,4105,574,0,0,860,1319
2.985,1.493,95.522,0,0,0,0,0,526,109,0,0,794,1261
4.02,1.508,93.97,0,0,0.503,0,0,526,109,0,0,838,1353
3.518,1.508,94.975,0,0,0,0,0,4105,574,0,0,847,1291
2.03,2.538,94.416,1.015,0,0,0,110592,6632,821,0,0,947,1355
2.513,2.01,95.477,0,0,0,0,0,654,109,0,0,869,1279
3.5,2,94.5,0,0,0,0,4096,1052,218,0,0,942,1332
2.513,1.508,95.98,0,0,0,0,0,526,109,0,0,931,1318
3.061,1.02,95.918,0,0,0,0,0,526,173,0,0,872,1365
2.551,0.51,94.898,2.041,0,0,0,110592,1052,218,0,0,820,1318
4.545,1.515,93.939,0,0,0,0,0,3579,465,0,0,970,1380
3.046,0.508,96.447,0,0,0,0,585728,1954,389,0,0,779,1274
4.04,2.02,93.434,0,0,0.505,0,0,1052,218,0,0,885,1344
3.046,0.508,96.447,0,0,0,0,0,3579,465,0,0,839,1288
7.071,0.505,92.424,0,0,0,0,0,6632,821,0,0,868,1358
2.041,1.02,94.898,2.041,0,0,0,143360,1052,218,0,0,875,1297
3.046,1.015,95.939,0,0,0,0,0,526,109,0,0,788,1329
4,1,94.5,0,0,0.5,0,0,526,109,0,0,785,1212
5.5,1,93.5,0,0,0,0,0,1052,218,0,0,801,1321
4.478,1.493,94.03,0,0,0,0,0,526,109,0,0,653,1130
2.051,0.513,97.436,0,0,0,0,0,3628,465,0,0,692,1097
3.015,1.005,94.975,1.005,0,0,0,114688,1052,218,0,0,768,1222
4,2.5,93.5,0,0,0,0,0,1479,1159,0,0,937,1341
2.551,1.02,96.429,0,0,0,0,0,4769,937,0,0,910,1364
6.5,1.5,92,0,0,0,0,0,7332,930,0,0,865,1374
9.95,2.488,87.562,0,0,0,0,0,1606,1143,0,0,923,1445
11.055,1.508,87.437,0,0,0,0,57344,36378,42260,0,0,1011,1567
2.03,1.523,92.386,3.553,0,0.508,0,122880,6701,11352,0,0,864,1373
4,1.5,94.5,0,0,0,0,0,526,109,0,0,845,1315
6.566,1.01,59.596,32.323,0,0.505,622592,0,7998,14846,647168,0,1036,1615
3.093,0.515,91.753,4.639,0,0,335872,0,9254,1424,311296,0,873,1389
5.556,1.515,92.929,0,0,0,0,0,15887,14759,0,0,963,1411
4.569,1.523,91.878,2.03,0,0,0,122880,1577,487,0,0,1042,1433
2.525,1.515,95.96,0,0,0,0,0,4582,1110,0,0,817,1291
9.95,1.99,88.06,0,0,0,0,0,7247,1293,0,0,792,1238
7.035,0,92.462,0,0,0.503,0,0,16623,15253,0,0,935,1345
3.535,1.01,95.455,0,0,0,0,0,5594,596,0,0,895,1338
2.525,1.515,94.444,1.515,0,0,0,114688,666,179,0,0,790,1309
4.061,0.508,95.431,0,0,0,0,0,4543,381,0,0,875,1330
5.076,1.015,93.909,0,0,0,0,0,1192,288,0,0,896,1382
3.553,1.523,94.924,0,0,0,0,0,3237,465,0,0,902,1375
2.538,1.015,96.447,0,0,0,0,0,1954,389,0,0,949,1324
3.046,1.523,93.909,1.523,0,0,0,110592,1052,218,0,0,952,1362
2.551,1.02,96.429,0,0,0,0,0,3579,465,0,0,787,1324
3.03,2.02,94.949,0,0,0,0,0,3629,751,0,0,880,1396
1.523,0.508,97.462,0,0,0.508,0,0,1320,288,0,0,761,1238
3.046,1.523,95.431,0,0,0,0,512000,526,109,0,0,814,1231
2.01,0.503,88.442,9.045,0,0,0,258048,526,109,0,0,591,985
2.03,1.523,96.447,0,0,0,0,0,1052,218,0,0,614,1021
2.97,0.99,96.04,0,0,0,0,0,526,109,0,0,637,954
2.538,1.015,96.447,0,0,0,0,0,3237,465,0,0,703,1056
1.02,0.51,98.469,0,0,0,0,0,1052,282,0,0,687,977
3.518,1.508,94.975,0,0,0,0,0,526,109,0,0,677,1044
4.02,0.503,94.472,1.005,0,0,0,110592,3579,465,0,0,641,1026
2.513,1.508,95.98,0,0,0,0,0,4155,860,0,0,651,1064
2.513,0.503,96.985,0,0,0,0,0,526,109,0,0,631,995
3.518,1.508,94.975,0,0,0,0,77824,1954,389,0,0,710,1077
1.515,1.01,96.97,0,0,0.505,0,0,1052,218,0,0,575,1004
3.015,1.508,94.472,1.005,0,0,0,122880,526,109,0,0,633,1040
2.488,1.493,96.02,0,0,0,0,0,526,109,0,0,629,1071
3.061,1.02,95.918,0,0,0,0,0,3763,574,0,0,808,1298
2.5,1.5,96,0,0,0,0,0,526,109,0,0,771,1206
3.077,0.513,96.41,0,0,0,0,0,526,109,0,0,851,1300
2.97,1.485,93.564,1.485,0,0.495,0,110592,4154,574,0,0,790,1324
2.051,1.026,96.923,0,0,0,0,0,3629,751,0,0,917,1294
2.03,1.015,96.954,0,0,0,0,0,654,109,0,0,828,1245
1.531,1.02,97.449,0,0,0,0,0,1052,218,0,0,841,1257
1.538,1.026,97.436,0,0,0,0,4096,526,109,0,0,840,1263
7.107,1.523,91.371,0,0,0,0,0,526,109,0,0,844,1299
2.041,0,96.429,1.531,0,0,0,110592,1052,218,0,0,825,1231
3.046,2.03,94.924,0,0,0,0,0,3237,465,0,0,884,1323
2.03,1.015,96.954,0,0,0,0,0,1954,389,0,0,894,1262
4.523,1.005,94.472,0,0,0,0,0,1052,282,0,0,858,1276
1.515,2.02,96.465,0,0,0,0,0,3704,465,0,0,711,1249
3.98,2.985,92.04,0.995,0,0,0,110592,3629,751,0,0,845,1335
1.015,1.523,97.462,0,0,0,0,0,1052,218,0,0,830,1211
3.03,1.515,95.455,0,0,0,0,0,526,109,0,0,803,1283
1.523,1.523,96.954,0,0,0,0,8192,526,109,0,0,742,1161
2.525,2.02,95.455,0,0,0,0,0,1052,218,0,0,771,1278
2.041,0.51,97.449,0,0,0,0,0,526,109,0,0,777,1247
3.518,2.01,92.462,2.01,0,0,0,122880,3237,465,0,0,843,1363
2.03,1.015,96.954,0,0,0,0,0,1717,368,0,0,752,1260
4.02,1.508,94.472,0,0,0,0,593920,526,109,0,0,925,1324
2.525,1.515,95.96,0,0,0,0,0,3710,465,0,0,840,1320
2.551,1.02,95.918,0,0,0.51,0,4096,5269,1588,0,0,826,1263
2,1,95,2,0,0,0,151552,654,173,0,0,695,1045
4.061,1.015,94.924,0,0,0,0,0,1954,389,0,0,787,1240
1.515,2.02,96.465,0,0,0,0,49152,1052,218,0,0,911,1323
1.531,1.531,96.429,0,0,0.51,0,0,526,109,0,0,767,1246
8.718,1.538,79.487,10.256,0,0,69632,0,526,109,69632,0,942,1542
3.465,2.97,93.564,0,0,0,4096,0,3763,574,4096,0,829,1337
1.515,1.01,95.455,2.02,0,0,0,122880,526,109,0,0,735,1226
2.577,0.515,96.907,0,0,0,0,0,526,109,0,0,796,1328
2.01,1.508,95.98,0,0,0.503,0,0,4242,574,0,0,789,1226
3.535,1.01,95.455,0,0,0,0,0,3629,751,0,0,771,1350
1.026,1.026,97.949,0,0,0,0,0,526,109,0,0,793,1228
2.513,2.01,94.975,0,0,0.503,0,0,1052,218,0,0,862,1293
2.513,0.503,95.477,1.508,0,0,0,114688,526,109,0,0,693,964
5.076,0.508,94.416,0,0,0,0,0,526,109,0,0,842,1312
2.03,1.015,96.954,0,0,0,0,0,1052,218,0,0,743,1234
2.551,1.02,96.429,0,0,0,0,0,3237,465,0,0,822,1295
2.513,1.508,95.98,0,0,0,0,0,1954,389,0,0,863,1265
3.046,1.523,95.431,0,0,0,0,0,1052,218,0,0,816,1302
1.015,1.015,95.939,1.523,0,0.508,0,114688,3716,465,0,0,779,1288
4.082,2.041,93.878,0,0,0,0,0,3629,751,0,0,789,1281
2.02,1.01,96.97,0,0,0,0,0,1180,218,0,0,714,1182
4.04,1.01,94.949,0,0,0,0,0,526,109,0,0,798,1246
1.026,1.026,97.949,0,0,0,0,0,526,109,0,0,831,1234
4.02,1.508,94.472,0,0,0,0,0,1052,218,0,0,873,1262
1.531,0.51,96.429,1.531,0,0,0,110592,526,109,0,0,841,1235
3.015,2.01,94.472,0,0,0.503,0,0,3237,529,0,0,769,1305
2.02,1.515,96.465,0,0,0,0,0,1052,218,0,0,788,1216
3.03,1.515,95.455,0,0,0,0,12288,526,109,0,0,795,1343
3.061,0.51,96.429,0,0,0,0,0,4193,937,0,0,735,1257
9.091,1.515,87.374,2.02,0,0,0,122880,4155,860,0,0,758,1245
2.513,1.005,96.482,0,0,0,0,0,5068,381,0,0,675,1089
3.046,1.015,95.939,0,0,0,0,0,1954,389,0,0,719,1227
2.538,1.523,95.431,0.508,0,0,4096,659456,1052,218,4096,0,883,1340
2.041,1.531,96.429,0,0,0,0,0,526,109,0,0,909,1316
1.531,1.02,97.449,0,0,0,0,0,526,109,0,0,836,1288
2.564,1.026,94.359,2.051,0,0,0,151552,3592,574,0,0,846,1288
2.041,0.51,97.449,0,0,0,0,0,526,109,0,0,859,1268
4.103,0.513,95.385,0,0,0,0,0,1003,581,0,0,822,1316
2.01,2.513,95.477,0,0,0,0,0,8782,952,0,0,923,1318
2.02,1.515,95.455,0,0,1.01,0,0,1652,681,0,0,820,1317
2.5,1.5,94.5,1.5,0,0,0,110592,654,109,0,0,814,1287
3.518,1.508,94.975,0,0,0,0,0,1052,218,0,0,885,1331
2.01,2.01,95.98,0,0,0,0,0,526,109,0,0,908,1281
4.124,1.031,94.845,0,0,0,0,0,526,109,0,0,907,1392
1.02,1.02,97.959,0,0,0,0,0,1052,282,0,0,875,1244
2.564,1.026,95.385,1.026,0,0,0,110592,3066,465,0,0,926,1385
3.03,1.01,95.96,0,0,0,0,0,1954,389,0,0,939,1348
5,1.5,93.5,0,0,0,0,4096,1726,2382,0,0,914,1362
3.553,1.015,95.431,0,0,0,0,0,11501,1115,0,0,815,1311
2.551,1.02,96.429,0,0,0,0,0,5668,1059,0,0,898,1323
2.5,2,94,1.5,0,0,0,114688,5545,1068,0,0,970,1316
14.646,1.515,83.838,0,0,0,0,0,17988,22505,0,0,1281,1851
1.531,1.02,97.449,0,0,0,0,0,3609,6746,0,0,887,1253
2.051,1.026,96.923,0,0,0,0,0,1052,218,0,0,883,1326
2.02,1.01,96.97,0,0,0,0,0,526,109,0,0,862,1284
15.075,1.508,82.412,0,0,1.005,0,0,2032,551,0,0,2216,1530
63.776,6.633,24.49,1.531,0,3.571,0,151552,6134081,119449,0,0,9231,1938
81.5,11,1.5,0,0,6,0,0,9600792,162789,0,0,9616,4383
84.5,9.5,1,0,0,5,0,0,11829133,154197,0,0,10496,4728
73,10,14.5,0,0,2.5,0,0,7977105,77856,0,0,3082,1763
77,4,19,0,0,0,0,0,1496,1341,0,0,1076,1817
17.857,1.02,80.612,0.51,0,0,0,114688,8133,24261,0,0,1128,1750
4.04,2.525,90.909,2.02,0,0.505,147456,57344,1052,218,147456,0,897,1413
3.03,2.02,94.949,0,0,0,0,0,526,109,0,0,853,1324
2.041,1.02,95.918,1.02,0,0,69632,0,526,109,69632,0,845,1286
2.956,2.956,93.596,0,0,0.493,0,0,1615,574,0,0,750,1133
1.015,1.015,95.431,2.538,0,0,0,163840,526,109,0,0,771,1135
4.061,1.015,94.924,0,0,0,0,704512,526,173,0,0,924,1303
1.02,1.531,97.449,0,0,0,0,0,1052,218,0,0,846,1249
4.455,1.485,94.059,0,0,0,0,0,526,109,0,0,952,1400
2.041,1.02,96.429,0,0,0.51,0,0,526,109,0,0,928,1323
2.564,1.026,94.872,1.538,0,0,0,131072,4703,1356,0,0,983,1366
1.515,2.02,96.465,0,0,0,0,0,526,109,0,0,873,1230
2.551,1.02,96.429,0,0,0,0,0,526,109,0,0,857,1334
3.046,1.015,95.939,0,0,0,0,0,1052,218,0,0,920,1466
3.03,2.02,94.444,0,0,0.505,0,0,1089,395,0,0,691,1067
9.694,1.02,87.755,1.531,0,0,0,110592,1954,389,0,0,957,1435
3.077,0.513,96.41,0,0,0,0,0,1052,218,0,0,848,1307
2.03,0.508,97.462,0,0,0,0,0,526,109,0,0,859,1273
3.98,1.493,94.527,0,0,0,0,0,526,109,0,0,883,1330
2.551,0.51,96.939,0,0,0,0,0,1180,218,0,0,886,1328
3,2.5,93,1,0,0.5,0,114688,4037,1037,0,0,899,1342
2.02,1.515,96.465,0,0,0,0,40960,526,109,0,0,936,1290
2.538,1.523,95.939,0,0,0,0,0,1052,218,0,0,891,1312
1.538,0.513,97.949,0,0,0,0,0,526,109,0,0,914,1227
1.546,1.031,97.423,0,0,0,0,0,1089,395,0,0,821,1317
1.015,1.015,95.431,2.538,0,0,0,122880,1052,218,0,0,838,1221
2.551,1.02,96.429,0,0,0,0,0,526,173,0,0,876,1265
2.02,1.01,96.465,0,0,0.505,0,0,526,109,0,0,841,1214
3.015,1.508,95.477,0,0,0,0,0,1052,218,0,0,858,1302
2.03,1.523,96.447,0,0,0,0,0,526,109,0,0,904,1313
2.564,0.513,96.923,0,0,0,0,0,5465,1317,0,0,828,1233
2.051,1.026,95.897,1.026,0,0,0,184320,1052,218,0,0,799,1180
2.985,1.493,95.025,0,0,0.498,0,0,526,109,0,0,843,1186
1.523,1.015,97.462,0,0,0,0,0,526,109,0,0,788,1213
2.041,1.02,96.939,0,0,0,0,0,1615,504,0,0,802,1184
1.031,0.515,98.454,0,0,0,0,0,526,109,0,0,830,1222
3.96,1.485,92.079,1.98,0,0.495,0,131072,526,109,0,0,807,1333
1.515,1.515,96.97,0,0,0,0,0,1052,218,0,0,870,1239
2.051,1.026,96.923,0,0,0,0,0,526,109,0,0,911,1272
1.538,1.026,97.436,0,0,0,0,0,654,109,0,0,903,1318
1.531,1.531,96.939,0,0,0,0,0,4563,1146,0,0,852,1272
1.042,0.521,96.875,1.562,0,0,0,827392,526,109,0,0,911,1234
3.03,1.515,95.455,0,0,0,0,0,526,109,0,0,895,1325
1.02,0.51,98.469,0,0,0,0,0,1052,218,0,0,806,1146
4,1.5,94.5,0,0,0,0,0,1089,395,0,0,848,1229
2.02,1.01,96.97,0,0,0,0,0,1954,389,0,0,699,1108
3.5,1,93,2,0,0.5,0,188416,1052,218,0,0,648,1113
2.475,1.98,95.545,0,0,0,0,0,526,173,0,0,650,1108
3.046,1.015,95.939,0,0,0,0,0,526,109,0,0,790,1205
2.03,0,97.97,0,0,0,0,0,1052,218,0,0,702,1171
2.03,2.03,95.939,0,0,0,0,0,4037,1037,0,0,827,1203
1.02,1.02,95.918,2.041,0,0,0,114688,526,109,0,0,778,1085
2.525,1.01,96.465,0,0,0,0,0,1052,218,0,0,792,1195
2.02,1.01,96.97,0,0,0,0,0,526,109,0,0,690,1097
4.02,0,95.98,0,0,0,0,0,1089,395,0,0,795,1215
1.531,0.51,97.959,0,0,0,0,0,1052,218,0,0,763,1137
3.046,1.523,95.431,0,0,0,0,663552,526,109,0,0,856,1194
2.5,1.5,94,2,0,0,0,151552,526,109,0,0,773,1188
2.03,1.015,96.954,0,0,0,0,0,1052,218,0,0,754,1204
3.03,1.515,95.455,0,0,0,0,0,526,109,0,0,746,1177
3,2,95,0,0,0,0,0,5593,1317,0,0,882,1260
1.531,0.51,95.918,2.041,0,0,53248,0,1052,218,8192,0,751,1181
2.03,1.015,94.416,2.538,0,0,0,118784,526,109,0,0,858,1253
2.03,1.523,95.939,0.508,0,0,0,0,526,109,4096,0,834,1319
5.076,0.508,94.416,0,0,0,4096,0,1615,504,0,0,815,1234
3.03,0.505,96.465,0,0,0,0,0,526,109,0,0,831,1158
3.015,1.005,95.477,0,0,0.503,0,0,526,109,0,0,820,1235
1.515,1.01,95.455,2.02,0,0,0,114688,1052,218,0,0,757,1139
2.525,2.02,95.455,0,0,0,0,0,526,109,0,0,931,1324
2.513,1.005,96.482,0,0,0,0,0,526,173,0,0,719,1237
1.515,2.525,95.96,0,0,0,0,0,4563,1146,0,0,732,1186
2.02,1.01,96.97,0,0,0,0,0,526,109,0,0,733,1131
2.525,1.515,95.96,0,0,0,0,0,526,109,0,0,840,1214
2.03,0.508,96.447,1.015,0,0,0,110592,1052,218,0,0,853,1209
2.551,0.51,96.939,0,0,0,0,0,1089,395,0,0,904,1333
2.525,1.515,95.96,0,0,0,0,0,1954,389,0,0,832,1263
3.571,0.51,95.918,0,0,0,0,0,1052,218,0,0,857,1361
2,1,97,0,0,0,0,0,526,109,0,0,615,986
14.851,1.98,81.188,1.485,0,0.495,0,114688,526,109,0,0,1007,1593
2.041,1.02,96.939,0,0,0,0,0,1052,218,0,0,852,1229
3.535,1.01,95.455,0,0,0,0,0,4165,1037,0,0,830,1246
1.508,2.01,96.482,0,0,0,0,0,526,109,0,0,791,1192
3.015,1.005,95.98,0,0,0,0,0,1052,218,0,0,781,1167
3.941,0.985,94.089,0.985,0,0,0,114688,526,109,0,0,698,1106
1.523,1.523,96.954,0,0,0,0,0,1089,459,0,0,774,1143
2.525,0.505,96.97,0,0,0,0,0,1052,218,0,0,752,1136
2.02,2.02,95.96,0,0,0,0,65536,526,109,0,0,864,1234
1.523,1.015,97.462,0,0,0,0,0,526,109,0,0,818,1104
2.525,1.01,94.949,1.515,0,0,0,122880,1052,218,0,0,850,1212
2.5,2,95.5,0,0,0,0,0,526,109,0,0,758,1288
3.518,1.005,94.975,0,0,0.503,0,0,5465,1317,0,0,834,1241
1.02,2.041,96.939,0,0,0,0,610304,1052,218,0,0,869,1294
1.538,1.026,97.436,0,0,0,0,0,526,109,0,0,848,1250
2,2,94,2,0,0,0,176128,526,109,0,0,843,1300
2.513,2.513,94.975,0,0,0,0,0,1615,504,0,0,926,1314
2.01,1.508,96.482,0,0,0,0,0,526,109,0,0,890,1254
1.538,1.026,97.436,0,0,0,0,0,526,109,0,0,799,1201
1.515,1.01,97.475,0,0,0,0,0,1052,218,0,0,715,1113
3.941,2.463,92.118,1.478,0,0,0,110592,526,109,0,0,864,1254
3.535,2.02,94.444,0,0,0,0,0,526,109,0,0,1043,1296
38.384,4.545,56.566,0,0,0.505,0,0,467959,1011190,0,0,1317,1855
64.5,4.5,31,0,0,0,0,0,11719,1459,0,0,935,1524
56.281,0.503,43.216,0,0,0,0,0,526,109,0,0,1083,1490
34.01,4.061,60.914,1.015,0,0,0,192512,1052,218,0,0,916,1445
11.386,2.97,85.149,0,0,0.495,0,0,4261,7549,0,0,759,1162
