Host:,pi00,,,,User:,daniel,,,,,,,
Cmdline:,dstat --output str_1W32B1R.log,,,,Date:,13 Jun 2015 02:55:05 PDT,,,,,,,
,,,,,,,,,,,,,
total cpu usage,,,,,,dsk/total,,net/total,,paging,,system,
usr,sys,idl,wai,hiq,siq,read,writ,recv,send,in,out,int,csw
9.082,0.349,90.036,0.432,0,0.102,442786.026,279352.33,0,0,0,3.638,542.541,308.535
0.988,0.741,98.272,0,0,0,0,0,0,0,0,0,505,437
0.249,0.995,98.756,0,0,0,0,0,92,543,0,0,517,469
0.739,1.478,97.783,0,0,0,0,65536,92,0,0,0,535,470
0.499,0.748,98.753,0,0,0,0,0,46,0,0,0,511,435
1.961,0.735,97.304,0,0,0,0,0,92,543,0,0,528,481
1.232,1.478,97.044,0.246,0,0,0,49152,0,0,0,0,535,485
1.474,0.983,97.543,0,0,0,0,0,0,0,0,0,515,451
1.474,0.983,97.543,0,0,0,0,0,92,543,0,0,521,462
1.467,1.711,96.822,0,0,0,0,0,52,365,0,0,521,465
0.995,0.498,98.507,0,0,0,0,0,0,0,0,0,519,428
2.469,0.741,96.543,0.247,0,0,303104,0,2097,699,0,0,571,490
14.815,4.444,70.123,10.617,0,0,12599296,155648,52,1789,0,0,2399,2272
17.618,3.474,67.742,11.166,0,0,18817024,0,0,0,0,0,1160,1059
25.735,1.716,72.549,0,0,0,0,0,92,543,0,0,650,536
23.716,3.912,71.638,0.733,0,0,802816,0,76,102,0,0,831,778
26.895,2.2,67.971,2.934,0,0,3080192,0,0,0,0,0,1579,1333
25.124,2.488,70.398,1.99,0,0,3039232,155648,92,543,0,0,1314,1186
20.948,2.494,71.571,4.988,0,0,2220032,204800,0,0,0,0,1372,1246
22.573,3.641,69.903,3.883,0,0,3645440,0,0,0,0,0,1507,1365
27.094,2.217,69.212,1.478,0,0,2490368,0,184,593,0,0,1035,898
25,4.412,67.892,2.696,0,0,2727936,0,0,0,0,0,1242,1230
26.617,4.478,65.672,3.234,0,0,3661824,0,142,93,0,0,1507,1426
24.384,2.463,70.443,2.709,0,0,3268608,32768,138,543,0,0,1382,1272
34.293,2.638,61.391,1.679,0,0,1974272,0,52,365,0,0,1289,1062
23.704,4.444,70.37,1.481,0,0,1794048,0,0,0,0,0,1310,1467
26.75,4.5,65.25,3.25,0,0.25,3112960,0,92,543,0,0,1985,2028
30.1,2.736,66.169,0.995,0,0,1892352,0,0,0,0,0,1416,1440
30.576,3.759,64.16,1.504,0,0,2252800,32768,1240,790,0,0,1460,1537
36.132,4.326,57.761,1.781,0,0,2285568,0,1496,2014,0,0,2041,2536
26.914,2.222,68.889,1.975,0,0,2875392,0,468,1216,0,0,1375,1474
25.122,3.171,69.024,2.683,0,0,2949120,0,9541,2133,0,0,1713,1769
21.75,5.75,70.5,1.25,0,0.75,1228800,0,4771641,65197,0,0,2302,2351
4.865,7.027,85.946,0.27,0,1.892,0,204800,12197208,160524,0,0,3793,2511
3.457,7.713,87.234,0,0,1.596,0,0,12195092,123864,0,0,3063,2692
6.15,8.824,82.353,0,0,2.674,0,0,12176475,169521,0,0,3978,2545
4.545,6.952,87.701,0,0,0.802,0,0,12204000,146484,0,0,3474,2587
3.562,7.671,88.219,0,0,0.548,8192,1261568,12186000,180024,0,0,4164,2448
3.958,10.026,81.53,1.847,0,2.639,0,15728640,11959592,156231,0,0,3801,2498
1.948,0.691,24.387,72.973,0,0,0,74539008,1069437,3278,0,0,3277,3511
20,20,35,25,0,0,0,0,568500,13728,0,0,262,57
3.704,9.524,59.524,25.926,0,1.323,0,19922944,12199546,176046,0,0,3839,2694
3.252,8.401,62.602,24.932,0,0.813,0,19922944,12202592,183297,0,0,3963,2682
4.865,9.189,78.649,6.486,0,0.811,0,4734976,12186831,232704,0,0,4882,2429
3.495,8.602,87.097,0,0,0.806,0,0,12186000,206700,0,0,4307,2542
2.356,7.33,81.937,6.806,0,1.571,0,7471104,9533240,148041,0,0,3354,2247
1.489,2.233,72.953,23.325,0,0,8192,15253504,0,0,0,0,772,845
1.733,1.238,73.02,24.01,0,0,16384,18874368,0,0,0,0,793,874
2.963,0.988,40.741,55.309,0,0,32768,18874368,1192,2011,0,0,865,972
1.616,1.077,23.838,73.468,0,0,393216,69738496,92,543,0,0,2971,3161
13.6,12.8,71.2,1.6,0,0.8,262144,0,52,365,0,0,355,385
8.148,18.519,70.37,2.963,0,0,0,3457024,935,1122,0,0,940,970
6.88,18.673,70.27,4.177,0,0,0,17825792,92,543,0,0,1131,1381
1.75,0.5,73.25,24.5,0,0,212992,18972672,0,0,0,0,812,879
3.415,1.22,71.707,23.659,0,0,65536,18874368,0,0,0,0,855,998
1.99,2.239,73.134,22.637,0,0,8192,20971520,144,699,0,0,787,901
1.746,1.746,69.825,26.683,0,0,49152,18874368,877,888,0,0,809,952
1.25,0.5,49.5,48.75,0,0,8192,18874368,0,0,0,0,756,845
1.733,1.485,48.515,48.267,0,0,8192,15728640,361,1123,0,0,780,885
2.716,0.988,53.086,43.21,0,0,8192,16777216,46,0,0,0,786,900
1.985,0.744,73.201,24.069,0,0,8192,14680064,0,0,0,0,762,850
3.465,0.99,71.782,23.762,0,0,8192,16777216,1027,1665,0,0,820,952
4.126,0.971,71.602,23.301,0,0,0,14680064,0,0,0,0,789,860
2.228,1.485,49.257,47.03,0,0,16384,16777216,46,0,0,0,804,886
1.733,1.485,48.762,48.02,0,0,8192,14680064,92,543,0,0,776,854
2.73,0.993,48.635,47.643,0,0,32768,14680064,52,365,0,0,785,906
2.75,1.5,48.25,47.5,0,0,81920,15859712,831,888,0,0,901,1018
12.374,3.283,70.202,14.141,0,0,2179072,7774208,92,543,0,0,1291,1487
18.797,2.757,77.193,1.253,0,0,1245184,0,3397,2218,0,0,1164,1240
30.296,1.478,66.749,1.478,0,0,3219456,0,0,0,0,0,1854,2139
59.896,4.688,33.333,1.042,0,1.042,835584,0,64426,138946,0,0,2485,3403
52.417,6.616,39.44,0.509,0,1.018,16384,475136,76056,164276,0,0,2169,2814
19.9,1.741,77.861,0.498,0,0,622592,0,50784,27534,0,0,1091,1183
23.81,2.757,69.925,3.509,0,0,4997120,0,378,1172,0,0,1787,2010
28.429,2.743,67.581,0.998,0,0.249,2203648,0,0,0,0,0,1069,1250
16.958,1.496,80.05,1.496,0,0,2482176,0,3819,904,0,0,1005,1194
10.123,1.975,86.914,0.988,0,0,147456,319488,2364,3424,0,0,884,1097
40.15,1.247,57.606,0.499,0,0.499,196608,0,59380,8143,0,0,1139,1217
30.273,2.73,66.749,0,0,0.248,0,0,63688,10313,0,0,1153,1308
33.985,1.711,64.303,0,0,0,0,0,76302,6858,0,0,1098,1166
21.429,1.478,77.094,0,0,0,0,0,52797,7667,0,0,1046,1123
37.656,2.244,57.606,1.746,0,0.748,1941504,475136,144616,15758,0,0,1744,1933
49.257,3.218,42.327,4.703,0,0.495,4087808,0,65807,8315,0,0,2435,2363
37.94,6.784,50.754,3.518,0,1.005,3448832,0,58722,8480,0,0,2013,2318
30.848,2.828,62.211,3.856,0,0.257,3325952,0,39464,4708,0,0,2052,1970
42.857,5.357,46.684,4.082,0,1.02,4112384,0,70621,7540,0,0,2564,2230
42.929,3.788,50.758,2.273,0,0.253,3309568,294912,63727,7024,0,0,2127,1867
37.653,4.89,55.257,1.467,0,0.733,2236416,0,47446,5931,0,0,1727,1579
52.152,4.304,41.772,0.759,0,1.013,1024000,0,76890,338322,0,0,2107,1787
46.535,6.188,46.04,0,0,1.238,0,0,100250,420668,0,0,2079,2259
23.902,1.463,74.146,0,0,0.488,0,0,70899,7335,0,0,1117,1110
46.076,3.797,49.367,0,0,0.759,0,122880,106026,375340,0,0,2026,2592
14.563,1.699,83.01,0,0,0.728,0,0,44577,5332,0,0,1016,1090
21.106,1.759,76.382,0,0,0.754,0,0,72719,6711,0,0,1061,1094
22.772,1.485,74.752,0,0,0.99,0,0,69131,15434,0,0,1181,1146
13.466,0.249,85.786,0,0,0.499,0,0,44918,6087,0,0,999,1043
48.166,2.445,46.699,1.467,0,1.222,0,835584,122091,347763,0,0,2200,2274
21.914,1.008,77.078,0,0,0,0,0,65881,8087,0,0,1101,1205
23.737,1.515,74.495,0,0,0.253,0,0,75252,9580,0,0,1090,1159
23.153,1.97,74.877,0,0,0,0,0,72945,8818,0,0,1113,1126
21.106,1.759,77.136,0,0,0,0,0,74834,8424,0,0,1130,1143
43.434,4.293,50.253,0,0.253,1.768,0,172032,118659,469922,0,0,2175,2242
21.429,1.232,77.34,0,0,0,0,0,64111,6774,0,0,1099,1128
14.217,1.928,83.614,0,0,0.241,0,0,39991,5251,0,0,980,1055
14.464,1.496,83.541,0,0,0.499,0,0,52642,5098,0,0,1016,1038
13.716,0.998,84.539,0,0,0.748,0,0,49269,4786,0,0,965,1014
39.756,3.171,56.098,0,0,0.976,0,98304,106828,317943,0,0,1849,1929
19.363,1.471,78.676,0,0,0.49,0,0,59716,7570,0,0,1115,1118
28.889,2.963,67.901,0,0,0.247,0,0,97327,9553,0,0,1212,1136
18,1.5,80,0,0,0.5,0,0,62424,8555,0,0,1090,1141
13.25,0.75,85.25,0,0,0.75,0,0,46466,5229,0,0,963,1006
36.919,3.912,57.946,0,0,1.222,0,122880,105837,398136,0,0,1909,1890
20.647,1.741,76.866,0,0,0.746,0,0,72869,7098,0,0,1074,1132
21.588,1.489,76.675,0,0,0.248,0,0,76130,7229,0,0,1140,1119
30.221,1.229,68.059,0,0,0.491,0,0,106523,7959,0,0,1203,1095
22.388,2.239,74.876,0,0,0.498,0,0,73330,10324,0,0,1191,1209
49.383,3.704,45.679,0,0,1.235,0,90112,146381,465236,0,0,2165,1941
19.949,1.01,78.283,0,0,0.758,0,0,60611,8689,0,0,1127,1190
14.951,1.225,83.824,0,0,0,0,0,45053,7469,0,0,992,1056
21.287,0.743,77.475,0,0,0.495,0,0,73293,6633,0,0,1142,1108
18.859,0.993,79.653,0,0,0.496,0,0,66749,6555,0,0,1071,1066
45.025,3.234,49.005,0.249,0,2.488,262144,98304,127566,411543,0,0,2107,2171
21.805,0.501,77.193,0,0,0.501,0,0,74611,7492,0,0,1168,1192
23.002,2.421,74.334,0,0,0.242,0,0,76883,8948,0,0,1190,1126
23.192,1.247,75.062,0,0,0.499,0,0,67894,7176,0,0,1098,1108
23.227,1.222,75.061,0,0,0.489,0,0,75826,8324,0,0,1121,1087
42.278,4.81,51.899,0,0,1.013,0,442368,116251,454454,0,0,2157,2064
14.861,0.252,84.635,0,0,0.252,0,0,53033,6187,0,0,1047,1077
18.919,1.966,78.624,0,0,0.491,0,0,63477,9996,0,0,1108,1151
17.164,2.488,79.851,0,0,0.498,0,0,65314,7413,0,0,1102,1083
21.687,1.446,76.867,0,0,0,0,0,61006,7098,0,0,1058,1097
41.75,4,53.25,0,0,1,0,327680,135300,372636,0,0,2119,1924
20.293,1.222,78.484,0,0,0,0,0,64707,8480,0,0,1115,1127
24.634,0.976,73.659,0,0,0.732,0,0,77589,9335,0,0,1190,1160
16.373,1.008,82.116,0,0,0.504,0,0,61508,7569,0,0,1044,1068
16.169,1.244,82.587,0,0,0,0,0,54844,6321,0,0,998,1049
34.988,3.226,60.546,0,0,1.241,0,229376,110463,436612,0,0,2085,1971
17.488,0.985,81.527,0,0,0,0,0,59751,7526,0,0,1084,1127
23,1.75,74.5,0,0,0.75,0,0,82773,9683,0,0,1183,1115
14,0.75,85,0,0,0.25,0,0,48779,5954,0,0,1002,1090
18.428,1.229,80.344,0,0,0,0,0,60618,7388,0,0,1054,1066
39.702,3.474,55.087,0,0,1.737,0,73728,129755,387267,0,0,1962,2031
17.122,2.233,80.149,0,0,0.496,0,0,60716,8633,0,0,1080,1097
19.363,0.49,80.147,0,0,0,0,0,56789,6477,0,0,1033,1044
13.131,0.758,86.111,0,0,0,0,0,46637,5488,0,0,1003,994
26.25,1.5,71.75,0,0,0.5,0,0,98522,8736,0,0,1238,1109
34.491,4.467,59.801,0,0,1.241,0,90112,114638,439232,0,0,2108,2030
18.765,1.235,80,0,0,0,0,0,62673,6789,0,0,1082,1086
23.25,2.25,74.5,0,0,0,0,0,81596,9134,0,0,1217,1191
19.652,1.244,78.607,0,0,0.498,0,0,71010,9077,0,0,1118,1138
19.849,1.005,78.894,0,0,0.251,0,0,73361,7725,0,0,1077,1043
39.259,4.444,54.321,0,0,1.975,0,32768,120676,443139,0,0,2197,2067
16.296,0.988,82.716,0,0,0,0,0,56327,6165,0,0,1049,1067
24.752,0.99,73.762,0,0,0.495,0,0,83715,7309,0,0,1176,1082
16.749,0.985,82.266,0,0,0,0,0,56244,7514,0,0,1068,1111
21.359,1.456,76.456,0,0,0.728,0,0,66828,7232,0,0,1075,1104
33.083,3.258,61.905,0,0,1.754,0,90112,104785,404146,0,0,1945,1874
19.549,2.256,77.694,0,0,0.501,0,0,76258,7956,0,0,1114,1134
17.544,1.253,81.203,0,0,0,0,0,60994,8461,0,0,1103,1137
17.618,1.985,79.901,0,0,0.496,0,0,70136,6555,0,0,1079,1063
16.79,1.728,81.481,0,0,0,0,0,58991,7020,0,0,1054,1086
35.949,2.785,58.734,0.253,0,2.278,0,90112,119140,379940,0,0,1895,1822
16.79,0.247,82.716,0,0,0.247,0,0,55913,6399,0,0,1016,1054
21.655,1.946,75.426,0,0,0.973,0,0,68903,8633,0,0,1144,1167
21.951,1.22,76.098,0,0,0.732,0,0,76261,7257,0,0,1150,1077
20.976,0.976,77.805,0,0,0.244,0,0,72525,6867,0,0,1086,1074
38.481,3.291,55.949,0,0,2.278,0,360448,126626,423365,0,0,2087,2087
17.488,1.232,80.788,0,0,0.493,0,0,60243,7570,0,0,1072,1115
23.116,1.508,75.126,0,0,0.251,0,0,82625,10438,0,0,1222,1179
19.012,1.235,79.753,0,0,0,0,0,66168,9960,0,0,1131,1124
16.04,1.504,82.456,0,0,0,0,0,59353,7700,0,0,1052,1073
35.821,2.985,59.701,0,0,1.493,0,253952,105023,436259,0,0,2126,2093
24.146,1.463,74.39,0,0,0,0,0,82629,7774,0,0,1187,1158
20.347,0.993,78.412,0,0,0.248,0,0,67700,7492,0,0,1113,1094
23.762,1.485,74.257,0,0,0.495,0,0,89121,7699,0,0,1174,1133
22.886,0.995,75.124,0,0,0.995,0,0,84856,10271,0,0,1234,1191
41.912,3.431,51.961,0,0,2.696,0,106496,127044,463897,0,0,2186,1991
15.385,1.241,83.375,0,0,0,0,0,54409,7075,0,0,1058,1134
21.266,1.519,76.962,0,0,0.253,0,0,75001,9551,0,0,1150,1124
18.09,1.256,80.151,0,0,0.503,0,0,70062,7856,0,0,1103,1122
21.429,0.985,77.34,0,0,0.246,0,0,75641,6945,0,0,1136,1089
34.615,2.821,62.051,0,0,0.513,0,90112,115263,430239,0,0,2069,2001
17.079,1.485,80.941,0,0,0.495,0,0,59323,7622,0,0,1070,1137
13.4,1.489,84.367,0,0,0.744,0,0,47104,5800,0,0,985,1025
21.027,1.467,76.528,0,0,0.978,0,0,76194,7410,0,0,1124,1087
25.063,1.754,72.431,0,0,0.752,0,0,93866,7750,0,0,1181,1108
38.958,1.985,57.32,0.496,0,1.241,0,466944,125022,416869,0,0,2187,2088
25,1.238,72.525,0,0,1.238,0,0,94597,9126,0,0,1237,1151
19.951,0.985,78.325,0,0,0.739,0,0,69290,9060,0,0,1088,1119
19.902,1.72,77.396,0,0,0.983,0,0,72346,7725,0,0,1128,1084
14.778,1.724,83.251,0,0,0.246,0,0,50619,5875,0,0,1031,1057
36.364,2.778,59.848,0.253,0,0.758,0,73728,119713,429888,0,0,2110,1970
15,1.75,83.25,0,0,0,0,0,58315,7023,0,0,1067,1113
24.752,1.238,74.01,0,0,0,0,0,86703,9100,0,0,1222,1110
27.34,0.739,70.936,0,0,0.985,0,0,97171,8428,0,0,1230,1110
13.614,1.98,84.158,0,0,0.248,0,0,50256,7257,0,0,1013,1018
39.851,3.96,54.455,0,0,1.733,0,32768,130928,443594,0,0,2028,1844
18.564,1.98,79.208,0,0,0.248,0,0,70209,7370,0,0,1122,1101
19.451,2.244,78.055,0,0,0.249,0,0,68414,8773,0,0,1133,1056
16.04,1.754,81.955,0,0,0.251,0,0,64961,8502,0,0,1121,1116
18,2,79.5,0,0,0.5,0,0,71255,7856,0,0,1102,1135
38.155,3.99,56.858,0,0,0.998,0,32768,121637,420748,0,0,2008,1921
21.5,1.25,77.25,0,0,0,0,0,78003,8893,0,0,1155,1153
18,2,80,0,0,0,0,0,60316,6711,0,0,1050,1103
12.091,1.259,86.65,0,0,0,0,0,48007,5566,0,0,974,997
17.822,1.98,80.198,0,0,0,0,0,63239,7176,0,0,1109,1105
37.838,2.703,58.722,0,0,0.737,0,32768,129487,391590,0,0,1962,1892
14.888,0.248,84.615,0,0,0.248,0,0,48674,6633,0,0,994,1043
18.844,1.508,79.397,0,0,0.251,0,0,67728,8458,0,0,1104,1108
24.19,1.995,73.067,0,0,0.748,0,0,93508,7647,0,0,1147,1103
20.494,1.235,78.272,0,0,0,0,0,71900,9469,0,0,1105,1130
34.559,2.696,61.765,0.245,0,0.735,0,32768,109811,449621,0,0,2102,2050
15.686,1.471,82.353,0,0,0.49,0,0,55380,7491,0,0,1036,1045
18.069,1.485,79.95,0,0,0.495,0,0,65799,6243,0,0,1067,1063
18.564,1.238,79.455,0,0,0.743,0,0,64487,7956,0,0,1017,1051
19.608,1.225,78.676,0,0,0.49,0,0,69605,7934,0,0,1042,1030
32.828,2.273,63.889,0,0,1.01,0,180224,115263,378578,0,0,1901,1865
17.734,0.985,81.034,0,0,0.246,0,0,58200,9257,0,0,1061,1116
16.953,1.229,81.572,0,0,0.246,0,0,54859,7759,0,0,1009,1062
29.064,1.478,68.966,0,0,0.493,0,0,115279,7959,0,0,1227,1078
29.703,1.238,68.317,0,0,0.743,0,0,93947,11026,0,0,1287,1230
35.264,5.542,57.935,0,0,1.259,0,425984,131126,499239,0,0,2166,1945
20.146,0.728,78.883,0,0,0.243,0,0,66189,6711,0,0,1066,1058
17.91,1.741,80.1,0,0,0.249,0,0,62377,7332,0,0,1062,1072
17.677,0.758,80.808,0,0,0.758,0,0,69128,6711,0,0,1031,1025
16.584,0.743,82.178,0,0,0.495,0,0,59889,7544,0,0,1044,1063
35.309,3.457,60.741,0,0,0.494,0,65536,123566,403954,0,0,2015,1929
21.197,0.499,78.304,0,0,0,0,0,74400,8480,0,0,1154,1142
17.413,1.493,81.095,0,0,0,0,0,60410,8383,0,0,1071,1099
13.433,0.995,85.323,0,0,0.249,0,0,45407,5251,0,0,985,1055
21.34,2.233,75.434,0,0,0.993,0,0,86156,10093,0,0,1224,1152
34.243,2.978,60.546,0,0,2.233,0,32768,124146,411336,0,0,1997,1989
20.25,1,78.25,0,0,0.5,0,0,76143,8711,0,0,1122,1145
18.227,1.232,80.296,0,0,0.246,0,0,61004,7335,0,0,1084,1096
16.584,0.743,82.178,0,0,0.495,0,0,60117,6633,0,0,1037,1054
15.578,2.01,82.412,0,0,0,0,0,63044,9491,0,0,1110,1124
37.722,3.291,57.215,0,0,1.772,0,270336,143106,410570,0,0,2110,1995
22.716,2.469,74.074,0,0,0.741,0,16384,83880,8844,0,0,1159,1182
18.61,1.241,79.156,0,0,0.993,0,0,64857,10175,0,0,1121,1174
13.054,1.478,84.729,0,0,0.739,0,0,49651,5878,0,0,966,1000
19.298,1.253,79.198,0,0,0.251,0,0,68735,6477,0,0,1050,1033
34.25,4,59.75,0,0,2,0,73728,123351,442393,0,0,2012,1933
13.534,0.752,85.714,0,0,0,0,0,50054,4708,0,0,997,1037
19.307,0.743,78.713,0,0,1.238,0,0,66521,6633,0,0,1074,1088
13.614,0.99,84.901,0,0,0.495,0,0,48069,6552,0,0,983,1076
19.154,1.493,78.856,0,0,0.498,0,0,70019,8845,0,0,1055,1105
31.172,2.993,63.84,0.249,0,1.746,0,32768,116429,375027,0,0,1968,1886
18.797,2.005,78.697,0,0,0.501,0,0,74747,8867,0,0,1122,1101
24.631,1.232,73.399,0,0,0.739,0,0,87505,10698,0,0,1210,1154
23.762,0.743,75,0,0,0.495,0,0,85043,9753,0,0,1173,1128
18.657,1.244,79.851,0,0,0.249,0,0,66676,7488,0,0,1046,1056
39.702,4.218,54.591,0,0.248,1.241,0,32768,145408,485684,0,0,2340,2253
19.315,1.956,78.484,0,0,0.244,0,0,66602,7232,0,0,1053,1083
16.25,1,82.5,0,0,0.25,0,0,57200,7722,0,0,1046,1109
18.812,2.475,78.713,0,0,0,0,0,70133,7856,0,0,1094,1072
17.718,0.485,81.553,0,0,0.243,0,0,52881,6945,0,0,1010,1036
36,3.5,60,0,0,0.5,0,32768,131285,414090,0,0,2127,1997
17.812,0.763,80.407,0,0,1.018,0,0,72108,7136,0,0,1149,1173
15.764,2.217,81.527,0,0,0.493,0,0,56105,7681,0,0,1021,1092
24.318,2.73,72.705,0,0,0.248,0,0,92643,9855,0,0,1223,1155
24.814,0.496,73.945,0,0,0.744,0,0,92430,10015,0,0,1220,1131
37.221,2.978,58.065,0,0,1.737,0,32768,131582,473451,0,0,2093,1989
14.824,1.256,82.915,0.754,0,0.251,0,335872,55732,6474,0,0,1041,1076
26.551,1.241,72.208,0,0,0,0,0,89860,7101,0,0,1208,1065
16.912,0.98,81.618,0,0,0.49,0,0,55700,7544,0,0,1066,1124
18.719,0.985,79.803,0,0,0.493,0,0,65373,8555,0,0,1114,1106
38.213,2.233,57.568,0.248,0,1.737,0,90112,131593,427525,0,0,2096,2065
20.69,2.217,76.847,0,0,0.246,0,0,75793,8038,0,0,1116,1073
23,2.5,74.5,0,0,0,0,0,87047,9238,0,0,1184,1144
21.287,1.238,76.98,0,0,0.495,0,0,75857,8402,0,0,1135,1099
26.747,0.723,72.53,0,0,0,0,0,87008,7023,0,0,1122,1056
29.873,3.544,65.823,0,0,0.759,0,32768,106397,488938,0,0,2113,1959
18.5,2.5,78.5,0,0,0.5,0,0,75322,7023,0,0,1160,1074
19.951,0.985,78.818,0,0,0.246,0,0,63844,7335,0,0,1068,1059
22.444,1.496,75.81,0,0,0.249,0,0,85735,8944,0,0,1171,1110
18.342,1.256,79.899,0,0,0.503,0,0,66999,7935,0,0,1074,1079
38.142,3.912,56.479,0,0,1.467,0,32768,138317,422506,0,0,1999,1835
16.708,0.499,82.294,0,0,0.499,0,0,58246,8399,0,0,1070,1121
20.25,1.5,78.25,0,0,0,0,0,72054,8121,0,0,1132,1108
13.086,0.741,85.185,0,0,0.988,0,0,49017,5098,0,0,993,1032
22.67,1.008,76.071,0,0,0.252,0,0,86741,8164,0,0,1166,1143
31,3.75,63.75,0.25,0,1.25,0,32768,117221,413085,0,0,1935,1882
19.212,2.217,78.325,0,0,0.246,0,0,72980,6555,0,0,1093,1107
15.228,0.508,84.01,0,0,0.254,0,0,57174,8243,0,0,1079,1140
15.25,1,83.75,0,0,0,0,0,55440,7101,0,0,1060,1076
16.332,2.261,80.905,0,0,0.503,0,0,70419,6633,0,0,1071,1081
32.663,3.769,62.814,0,0,0.754,0,32768,114431,408342,0,0,2078,2007
19.951,1.232,78.571,0,0,0.246,0,0,64776,6711,0,0,1066,1096
17.085,1.005,81.91,0,0,0,0,0,57522,7681,0,0,1037,1094
13.861,0.495,85.149,0,0,0.495,0,0,48184,5329,0,0,973,1042
24.623,1.256,74.121,0,0,0,0,0,81211,9365,0,0,1146,1200
27.96,2.267,69.018,0,0,0.756,0,32768,94681,413825,0,0,1932,1848
16.912,1.225,81.618,0,0,0.245,0,98304,57762,7722,0,0,1064,1158
24.06,1.253,74.687,0,0,0,0,0,79290,8766,0,0,1137,1163
25.628,1.256,72.613,0,0,0.503,0,0,96047,8506,0,0,1150,1138
20.551,1.003,78.195,0,0,0.251,0,0,73474,8711,0,0,1099,1127
41.397,2.494,54.863,0,0,1.247,0,57344,145343,430254,0,0,2078,2046
28.463,2.519,68.514,0,0,0.504,0,335872,102790,9338,0,0,1231,1202
30.414,1.703,67.883,0,0,0,0,0,97376,10461,0,0,1178,1211
25.243,2.913,70.874,0,0,0.971,0,0,88949,8168,0,0,1125,1111
27.5,2.25,70,0,0,0.25,0,0,104028,12824,0,0,1162,1133
47.631,4.988,45.387,0,0,1.995,0,49152,157723,612680,0,0,2302,2139
25.628,1.256,73.116,0,0,0,0,0,83345,10847,0,0,1141,1206
30.392,1.225,67.647,0.245,0,0.49,204800,0,104347,8506,0,0,1250,1226
27.561,1.951,70.244,0,0,0.244,0,0,89047,9856,0,0,1133,1157
28.536,1.241,69.727,0,0,0.496,0,0,93390,8533,0,0,1115,1104
44.802,5.941,46.782,0,0,2.475,0,32768,168847,619391,0,0,2385,2230
29.073,1.504,68.672,0,0,0.752,0,0,94977,10246,0,0,1165,1206
22.333,0.744,76.923,0,0,0,0,0,69430,8982,0,0,1114,1123
20.297,1.733,77.228,0,0,0.743,0,0,73663,7569,0,0,1065,1072
25.616,0.985,72.906,0,0,0.493,0,0,85638,8970,0,0,1131,1124
41.266,3.544,53.418,0.506,0,1.266,0,32768,142782,540821,0,0,2230,2103
18.765,1.235,79.506,0,0,0.494,0,0,67084,7934,0,0,1110,1114
28.293,1.22,69.756,0,0,0.732,0,0,91870,7566,0,0,1167,1124
23.858,1.015,74.112,0,0,1.015,0,0,91952,8948,0,0,1169,1151
21.914,1.008,76.826,0,0,0.252,0,0,80410,8376,0,0,1115,1123
42.424,3.535,53.283,0,0,0.758,0,32768,147949,522461,0,0,2158,2057
23.457,1.235,75.062,0,0,0.247,0,0,79143,9373,0,0,1224,1168
22.306,1.003,75.689,0,0,1.003,0,0,80276,21807,0,0,1222,1120
18.537,1.951,79.024,0,0,0.488,0,0,61765,9101,0,0,1076,1149
20.101,1.005,78.894,0,0,0,0,0,71668,8689,0,0,1091,1144
41.975,4.691,51.852,0,0,1.481,0,32768,142806,492760,0,0,2181,2116
14.677,0.995,83.831,0,0,0.498,0,90112,52550,6708,0,0,1035,1100
27.901,1.481,70.123,0,0,0.494,0,0,95388,8168,0,0,1165,1169
28.606,1.956,68.949,0,0,0.489,0,0,97325,8480,0,0,1169,1154
22.549,0.98,76.225,0,0,0.245,0,0,73533,10480,0,0,1153,1170
32.323,4.545,60.859,0.253,0,2.02,0,57344,125398,511118,0,0,2133,2077
24.337,2.41,72.771,0,0,0.482,0,16384,81734,9703,0,0,1170,1225
27.723,2.228,69.554,0,0,0.495,0,0,99050,10695,0,0,1226,1196
26.076,1.266,71.899,0,0,0.759,0,0,97068,9026,0,0,1172,1175
24.444,0.247,75.309,0,0,0,0,0,77158,9703,0,0,1118,1137
36.776,3.778,57.683,0,0,1.763,0,57344,139422,522329,0,0,2093,2046
20.75,1.25,77.75,0,0,0.25,0,393216,77855,8949,0,0,1192,1179
26.196,0.756,72.292,0,0,0.756,0,0,96022,6867,0,0,1133,1117
25.432,1.235,72.593,0,0,0.741,0,0,90418,9229,0,0,1159,1180
19.951,0.985,78.571,0,0,0.493,0,0,72859,10692,0,0,1133,1122
46,3.25,50,0,0,0.75,0,49152,171231,517675,0,0,2304,2220
21.782,1.238,76.485,0,0,0.495,0,0,72401,11260,0,0,1213,1269
20.69,0.985,77.586,0,0,0.739,0,0,75808,8071,0,0,1103,1051
19.799,0.752,78.697,0,0,0.752,0,0,75866,7725,0,0,1103,1073
23.058,0.752,75.689,0,0,0.501,0,0,86039,7956,0,0,1117,1092
35.821,4.975,57.463,0,0,1.741,0,32768,136190,481397,0,0,2117,2087
17.706,0.748,81.297,0,0,0.249,0,0,62738,7804,0,0,1035,1107
23.81,0.752,75.188,0,0,0.251,0,0,88173,8242,0,0,1168,1133
23.632,0.995,75.373,0,0,0,0,0,85667,10275,0,0,1158,1113
20.741,0.988,77.531,0,0,0.741,0,0,77769,7179,0,0,1124,1077
38.832,2.03,57.36,0,0,1.777,0,32768,142000,488812,0,0,2139,2111
24.372,0.503,74.623,0,0,0.503,0,0,91493,8506,0,0,1170,1136
15.196,1.471,83.088,0,0,0.245,0,0,52890,7135,0,0,1027,1105
26.065,1.504,72.18,0,0,0.251,0,0,98588,8658,0,0,1189,1129
20.5,0.5,78.25,0,0,0.75,0,0,76066,9703,0,0,1183,1126
34.491,3.722,60.794,0,0,0.993,0,40960,121678,478928,0,0,2039,2146
18.362,1.241,79.901,0,0,0.496,0,98304,65964,8112,0,0,1075,1135
19.221,1.946,77.859,0,0,0.973,0,0,68816,8115,0,0,1143,1137
22.059,0.98,76.471,0,0,0.49,0,0,77980,7725,0,0,1156,1102
23.704,1.235,74.815,0,0,0.247,0,0,87747,9569,0,0,1221,1178
33.5,3.5,61,0,0,2,0,57344,128670,421886,0,0,1969,1932
20.099,1.737,77.916,0,0,0.248,0,0,75910,9806,0,0,1115,1179
23.284,0.98,75.245,0,0,0.49,0,0,78017,9915,0,0,1144,1161
23.116,1.256,74.121,0,0,1.508,0,0,91062,9234,0,0,1174,1166
20.792,1.98,76.98,0,0,0.248,0,0,78433,8038,0,0,1128,1128
41.667,3.676,54.167,0,0,0.49,0,32768,145749,484148,0,0,2144,1929
20.297,0.99,77.723,0,0,0.99,0,286720,78424,8116,0,0,1153,1119
23.75,1.75,74.25,0,0,0.25,0,0,87118,7307,0,0,1175,1123
27.431,0.249,71.571,0,0,0.748,0,0,103671,10583,0,0,1239,1161
23.775,0.98,74.755,0,0,0.49,0,0,80959,8845,0,0,1181,1140
41.538,3.846,53.333,0.256,0,1.026,0,65536,157388,517902,0,0,2249,1894
25.248,1.733,72.772,0,0,0.248,0,57344,92135,11468,0,0,1304,1239
21.782,0.743,77.475,0,0,0,0,0,72711,9710,0,0,1160,1141
23.869,0.503,75.126,0,0,0.503,0,0,88824,7621,0,0,1169,1112
23.775,2.206,73.775,0,0,0.245,0,0,88100,8555,0,0,1183,1117
36.946,3.941,56.65,0.246,0,2.217,0,32768,134358,527710,0,0,2147,1979
20.698,1.746,77.057,0,0,0.499,0,0,79920,6945,0,0,1140,1087
18.844,1.256,79.397,0,0,0.503,0,0,70339,7644,0,0,1086,1089
23.25,1,75.25,0,0,0.5,0,0,89377,8791,0,0,1165,1119
18.388,0.756,80.605,0,0,0.252,0,0,68581,9027,0,0,1102,1103
37.346,2.948,56.511,0,0,3.194,0,32768,137250,471783,0,0,2201,2119
16.99,1.456,81.068,0,0,0.485,0,0,58888,6321,0,0,1081,1110
21.106,1.256,77.387,0,0,0.251,0,0,80600,9744,0,0,1132,1137
18.137,0.245,81.618,0,0,0,0,0,56598,7566,0,0,1043,1076
29.31,1.232,68.227,0,0,1.232,0,0,136286,9338,0,0,1262,1075
44.275,3.308,51.654,0,0,0.763,0,32768,124815,510051,0,0,2218,2029
16.832,0.495,82.426,0,0,0.248,0,90112,55494,7020,0,0,1031,1084
28.715,0.504,70.781,0,0,0,0,0,102032,7725,0,0,1231,1137
17.588,1.005,81.407,0,0,0,0,0,63781,14796,0,0,1112,1056
18.317,1.733,79.703,0,0,0.248,0,0,61781,6942,0,0,980,1084
41.147,2.993,54.613,0,0,1.247,0,57344,147889,437488,0,0,1922,1823
25.862,1.232,72.66,0,0,0.246,0,0,71588,9313,0,0,1037,1169
23.116,2.513,73.869,0,0,0.503,0,0,83881,8822,0,0,1083,1135
20.25,1.75,78,0,0,0,0,0,70738,8013,0,0,997,1117
18.317,1.733,79.703,0,0,0.248,0,0,62381,7335,0,0,968,1051
36.725,4.715,57.568,0,0,0.993,0,32768,128535,511593,0,0,2098,2082
20.75,0.75,78.25,0,0,0.25,0,0,68899,8845,0,0,1087,1155
18.272,0.247,81.481,0,0,0,0,0,53366,5853,0,0,966,1049
26,0.75,73.25,0,0,0,0,0,85397,9257,0,0,1087,1148
13.151,0.993,85.608,0,0,0.248,0,0,44375,6218,0,0,962,1077
36.07,5.224,57.214,0,0,1.493,0,40960,137636,443576,0,0,2084,2065
20.195,1.703,78.102,0,0,0,0,327680,54796,8998,0,0,1068,1207
15.288,1.754,82.707,0,0,0.251,0,0,52295,6823,0,0,981,1115
22.195,1.496,76.06,0,0,0.249,0,0,74467,6633,0,0,1024,1085
22.03,0.99,76.98,0,0,0,0,0,68319,9544,0,0,1040,1138
32.323,3.283,62.374,0,0,2.02,0,65536,118794,482251,0,0,1967,2016
23.038,0.759,75.949,0,0,0.253,0,57344,73214,7986,0,0,1058,1132
18.919,0.983,79.361,0,0,0.737,0,0,52551,9102,0,0,983,1110
23.737,1.515,73.99,0,0,0.758,0,0,84543,6633,0,0,1022,1065
16.915,1.493,81.095,0,0,0.498,0,0,57628,7388,0,0,994,1076
34.343,3.283,61.869,0.253,0,0.253,0,32768,134759,470078,0,0,2139,2013
22.772,1.98,74.752,0,0,0.495,0,0,58548,8767,0,0,1044,1134
19.701,1.496,78.803,0,0,0,0,0,66108,10021,0,0,1010,1041
22.444,1.496,75.561,0,0,0.499,0,0,69298,9830,0,0,1042,1222
21.97,1.263,76.768,0,0,0,0,0,72982,8299,0,0,1007,1148
34.577,5.721,59.453,0,0,0.249,0,32768,125542,494095,0,0,2021,2129
24.939,1.222,73.594,0,0,0.244,0,98304,75889,8659,0,0,1070,1151
24.752,0.248,74.752,0,0,0.248,0,0,73373,7544,0,0,1018,1148
24.378,2.239,73.383,0,0,0,0,0,81988,7700,0,0,1066,1155
20.297,0.495,78.465,0,0,0.743,0,0,63507,9023,0,0,1022,1149
35.5,3.75,59.25,0,0,1.5,0,57344,126746,497085,0,0,2057,2114
25.061,1.46,73.236,0,0,0.243,0,0,76278,7336,0,0,1024,1097
20.596,1.737,77.667,0,0,0,0,0,71129,9837,0,0,1076,1182
16.79,1.728,81.235,0,0,0.247,0,0,55859,7594,0,0,1028,1119
17.337,0.251,82.412,0,0,0,0,0,54568,10121,0,0,1016,1084
36.364,3.931,59.214,0,0,0.491,0,32768,137556,456071,0,0,2072,2032
21.25,1.25,77.25,0,0,0.25,0,0,56774,9235,0,0,1030,1160
17.476,1.456,81.068,0,0,0,0,0,50286,8255,0,0,1000,1056
16.87,0.733,81.907,0,0,0.489,0,0,54242,11134,0,0,980,1158
24.876,1.493,73.383,0,0,0.249,0,0,72625,9366,0,0,1050,1168
35.91,3.242,59.352,0,0,1.496,0,32768,128711,482139,0,0,2001,1973
22.66,0.739,76.601,0,0,0,0,0,69542,8009,0,0,1033,1123
24.814,0.496,74.442,0,0,0.248,0,0,77457,8982,0,0,1082,1151
16.583,1.005,82.412,0,0,0,0,0,52445,8930,0,0,976,1108
17.91,0.746,81.343,0,0,0,0,0,52298,8561,0,0,972,1113
32.506,2.978,63.275,0,0,1.241,0,32768,110953,466932,0,0,2060,2147
21.516,1.222,77.262,0,0,0,0,352256,65019,8221,0,0,1055,1210
25.693,1.763,72.292,0,0,0.252,0,0,79730,9388,0,0,1059,1249
20.647,1.99,77.363,0,0,0,0,0,70639,7544,0,0,990,1193
16.296,3.21,80.494,0,0,0,0,0,52965,10363,0,0,994,1140
40.554,4.03,54.408,0,0,1.008,0,49152,146706,489294,0,0,2156,2101
22.333,0.744,76.923,0,0,0,0,40960,67183,9085,0,0,1062,1208
12.343,0.504,87.154,0,0,0,0,0,32329,8393,0,0,925,1110
15.802,1.235,82.716,0,0,0.247,0,0,48699,8218,0,0,939,1174
16.209,0.748,83.042,0,0,0,0,0,65315,9804,0,0,983,1136
40,4.198,54.074,0.247,0,1.481,0,32768,142332,476810,0,0,2161,2230
26.781,1.72,71.499,0,0,0,0,90112,70852,9135,0,0,1060,1222
27.295,0.744,71.96,0,0,0,0,0,76965,8465,0,0,1007,1144
17.122,0.744,82.134,0,0,0,0,0,62965,9442,0,0,982,1147
23.267,1.733,75,0,0,0,0,0,65719,9033,0,0,993,1151
37.093,4.762,56.892,0,0,1.253,0,57344,137769,540383,0,0,2135,2351
23.267,0.99,75.495,0,0,0.248,0,0,64160,8437,0,0,1029,1160
20.393,0.737,78.378,0,0,0.491,0,0,52390,10291,0,0,1023,1189
22.087,1.942,75.728,0,0,0.243,0,0,70669,7240,0,0,1001,1097
17.544,1.253,81.203,0,0,0,0,0,50308,9670,0,0,1028,1181
32.746,2.267,63.476,0,0,1.511,0,32768,131174,474985,0,0,2068,2203
21.446,2.41,76.145,0,0,0,0,0,51450,9298,0,0,1020,1178
15.212,0.998,83.292,0,0,0.499,0,0,67255,9910,0,0,971,1085
25.124,1.244,73.383,0,0,0.249,0,0,71294,9320,0,0,1037,1167
21.675,1.478,76.601,0,0,0.246,0,0,61124,8752,0,0,1003,1134
17.91,2.985,78.607,0,0,0.498,0,286720,69960,12804,0,0,1103,1269
